pipeline_depth,clients,read_calls,writev_calls,total_calls,operations,syscalls_per_op,theoretical_syscalls_per_op
1,50,3021,3021,6042,151057,0.0400,0.0400
10,50,302,302,604,1510574,0.0004,0.0040
50,50,151,151,302,7575370,0.00004,0.0008
100,50,1667,1667,3334,8333334,0.0004,0.0004
200,50,100,100,200,10000000,0.00002,0.0002
500,50,50,50,100,12499999,0.000008,0.00008