{
  "t0_us_per_batch": 6.233777620774876,
  "t1_ns_per_op": 67.60987418570564,
  "r_squared": 0.9993221448337858,
  "t0_confidence_interval": [
    5.4511067230519705,
    7.016448518497781
  ],
  "t1_confidence_interval": [
    64.37448682341413,
    70.84526154799714
  ],
  "Tmax_Mops_s": 14.790738957053469,
  "data_points": 5,
  "raw_data": [
    [
      1.0,
      151057.41
    ],
    [
      10.0,
      1428571.38
    ],
    [
      50.0,
      5555556.0
    ],
    [
      200.0,
      10000000.0
    ],
    [
      500.0,
      12499999.0
    ]
  ]
}